Topic1,Topic2,Topic3,Topic4,Topic5,Topic6,Topic7,Topic8,Topic9,Topic10,Topic11,Topic12,Topic13,Topic14,Topic15,Topic16,Topic17,Topic18,Topic19,Topic20,Topic21,Topic22,Topic23,Topic24,Topic25,Topic26,Topic27,Topic28,Topic29,Topic30
crack,power,sulfide,electrode,power,voltage,laser,railway,film,risk,surface,adsorption,grid,ion,temperature,energy,image,film,blood,service,cell,steel,membrane,smart,algorithm,cu,powder,water,antenna,shell
fiber,module,color,carbon,energy,power,redox,track,cell,machine,house,surface,voltage,sensor,joint,drought,algorithm,cell,acid,neural,protein,strength,charge,security,hydrogen,copper,alloy,catalyst,band,robot
pipe,lifetime,character,electrochemical,memory,dc,shock,speed,oxide,mobile,deflection,pb,aln,fluorescence,rgo,public,deep,hydrogel,nanoparticles,customer,expression,surface,cell,iot,motion,bonding,torque,climate,cu,zno
fracture,path,dna,material,optimization,converter,risk,license,thin,patent,aged,cesium,interfacial,chemosensor,heavy,willingness,object,property,drug,pump,effect,material,redox,blockchain,virtual,surface,motor,rainfall,ghz,degradation
strain,inverter,fermentation,energy,algorithm,circuit,effect,train,fuel,cost,effect,acid,inverter,zinc,metal,economic,neural,optical,cell,satisfaction,antioxidant,temperature,battery,internet,user,emulsion,wave,glucose,ag,photocatalytic
material,temperature,content,cell,simulation,fe,mass,waterproofing,temperature,ai,material,biofilm,state,zn,spray,power,roll,metal,insulin,heat,gene,strain,energy,thing,mimo,plasma,oxide,precipitation,bandwidth,tio
energy,motor,thyroid,electrical,storage,fuel,aqds,material,deposition,iot,tio,carbon,al,limit,knee,renewable,memory,oxide,male,store,animal,specimen,active,city,vr,oil,ni,carbon,power,quality
sn,thermal,iron,surface,hybrid,switching,aqueous,bridge,atomic,internet,neural,temperature,interface,fluorescent,adsorption,valuation,filter,transparent,carrier,precipitation,bone,metal,electrolyte,architecture,autonomous,temperature,mechanical,temperature,radiation,light
effect,igbt,also,composite,disturbance,electric,compensation,open,ald,return,synthesis,water,gan,lithium,pepc,use,camera,electrical,adult,product,acid,property,voltage,attack,wave,material,mo,gox,bonding,walking
fe,drive,national,charge,electric,battery,anthraquinone,humidity,electrolyte,technological,emission,felt,degradation,colorimetric,strength,gas,convolutional,drug,hap,business,human,mechanical,circuit,service,underwater,magnetic,dispersion,gcms,ultra,ro
